car_name,count
LADA (VAZ) 2107,1967
LADA (VAZ) 2106,1562
LADA (VAZ) Niva,1192
Opel Astra,1175
Mercedes C 180,889
Hyundai Sonata,879
Mercedes E 220,775
Mercedes E 240,686
Toyota Prado,641
Opel Vectra,624
Mercedes 190,583
Hyundai Elantra,565
Renault Megane,557
Ford Transit,541
Mercedes E 200,515
LADA (VAZ) 2115,510
Volkswagen Passat,489
Mercedes C 200,473
Kia Optima,413
Mercedes C 220,352
Hyundai Santa Fe,344
LADA (VAZ) Priora,336
Toyota Camry,335
Mitsubishi Pajero,332
LADA (VAZ) 21099,328
Mercedes C 240,327
LADA (VAZ) 21011,323
Toyota Land Cruiser,294
Mercedes E 230,286
Mercedes C 230,267
Land Rover Range Rover,263
Mercedes E 320,249
Chevrolet Cruze,241
Chevrolet Aveo,240
Nissan X-Trail,238
BMW X5,229
Kia Rio,221
Mercedes E 280,215
LADA (VAZ) 2109,211
BMW 528,211
Land Rover Discovery,206
Hyundai Accent,202
Kia Cerato,198
Daewoo Gentra,197
LADA (VAZ) 2104,196
Nissan Sunny,195
BMW 525,193
BMW 320,187
Mercedes Vito,186
Kia Sportage,185
Tofas Sahin,180
Daewoo Nexia,180
Opel Zafira,174
Kia Sorento,159
Mercedes E 350,155
Toyota Corolla,154
Iran Khodro Azsamand,143
Mercedes S 350,141
Volkswagen Touareg,140
Mitsubishi Pajero io,140
Hyundai Tucson,137
BMW 523,136
Mercedes ML 350,135
Mercedes E 270,133
Land Rover RR Sport,131
BMW 530,131
Hyundai ix35,127
Mercedes E 250,126
Lexus LX 570,126
Jeep Grand Cherokee,124
Toyota RAV 4,122
GAZ 3110,119
Volkswagen Jetta,118
Hyundai Grandeur,118
Ford Focus,111
LADA (VAZ) 2110,107
Mercedes E 300,102
Nissan Maxima,101
Mitsubishi L 200,97
Mercedes S 320,97
BMW 520,96
GAZ 31105,95
Mercedes Vito 115,89
Mercedes Viano,89
Renault Scenic,87
BMW 535,87
Mercedes S 500,85
Opel Omega,84
Volkswagen Golf,83
LADA (VAZ) 2114,82
BMW 318,80
Audi A6,79
Mitsubishi Airtrek,77
Fiat Doblo,75
Mercedes C 280,74
Mercedes B 170,74
Infiniti FX35,74
Volkswagen Passat CC,73
Chevrolet Niva,73
Nissan Teana,72
Toyota Prius,71
Nissan Tiida,67
Mercedes ML 320,66
BMW 750,66
LADA (VAZ) 2112,64
GAZ 33021,64
Hyundai Azera,63
BMW 325,62
Mercedes Vito 111,61
Honda CR-V,60
Audi A4,60
Ford Fusion,59
Opel Vita,58
Nissan Altima,57
Volkswagen Polo,56
Mitsubishi Outlander,55
Audi Q7,55
LADA (VAZ) 2101,54
BMW X6,54
Ravon Nexia R3,49
LADA (VAZ) 2108,49
GAZ 330200,49
Ford Tourneo Connect,49
Mercedes GL 500,48
Mercedes G 63 AMG,48
Daewoo Espero,48
Mercedes 208 D,47
Saipa 132,46
Volkswagen Tiguan,46
Mercedes C 250,46
Hyundai H-1,46
Hyundai i30,46
Iran Khodro Runna,44
KamAz 55111,44
GAZ 24-10,44
GAZ 3302-744,44
Nissan Juke,43
LADA (VAZ) Kalina,43
BMW 328,43
Mazda 6,42
GAZ 31029,42
GAZ M-21,42
Mitsubishi Lancer,41
Chevrolet Captiva,40
Chery Tiggo,40
Hyundai Terracan,39
Lexus LX 470,38
BYD F3,38
Dacia Logan,38
BMW 740,38
Jeep Wrangler,37
LADA (VAZ) Granta,37
Nissan Pathfinder,36
ZIL 130,36
Mercedes Vito 116,36
Kia Cee`d,36
Porsche Cayenne,35
Nissan Patrol,35
Renault Logan,34
Lexus GX 460,34
GAZ 330202-740,34
Nissan Sentra,33
Mercedes Sprinter 313,33
LADA (VAZ) 2105,33
GAZ 53,33
Tofas Dogan,32
Nissan Qashqai,32
Toyota Avalon,32
Mercedes A 160,32
Mercedes C 300,32
Changan Eado,32
Ford Mondeo,32
Renault Laguna,31
Mercedes GL 450,31
Lexus RX 350,31
KamAz 5511,31
Chevrolet Lacetti,31
Mercedes GL 550,30
Mercedes G 55 AMG,30
BMW 316,30
GAZ 2705,30
Subaru Forester,29
Mazda CX-9,29
Mazda CX-5,29
Lexus GS 300,29
LADA (VAZ) 21013,29
Ford Mustang,29
Lexus RX 300,28
Porsche Cayenne S,27
Toyota Hilux,27
Mercedes B 180,27
Mercedes E 260,27
LADA (VAZ) 2103,27
Nissan Navara,26
Mercedes V 220,26
Kia Carens,26
BMW 745,26
BMW X5 M,26
Chevrolet Malibu,25
Bentley Continental,25
Renault Tondar,24
Porsche Cayenne GTS,24
Opel Corsa,24
Mercedes A 170,24
Honda Accord,24
Land Rover Freelander,24
KamAz 65115,24
Infiniti Q50,24
Dodge Durango,24
Daewoo Damas,23
Daewoo Lanos,23
Lexus LS 460,22
Lexus GS 350,22
GAZ Sobol,22
LADA (VAZ) 2102,22
Baic A113/A115,22
Porsche Panamera GTS,21
Volvo XC 90,21
Mercedes Sprinter 315,21
Hyundai Veloster,21
Hyundai Grand Santa Fe,21
LADA (VAZ) Oka,21
Cadillac Escalade,21
Opel Combo,20
Renault 12 Toros,20
Mercedes E 290,20
Mercedes G 500,20
Mazda 3,20
Hyundai Getz,20
GAZ 24,20
Ford Explorer,20
BMW 540,20
DAF 105XF,20
Daewoo Leganza,20
Nissan Micra,19
Toyota Fortuner,19
Shacman F3000,19
Subaru Legacy,19
Mercedes Sprinter 316,19
HOWO Sinotruk,19
Land Rover RR Evoque,19
BMW 735,19
Ford Fiesta,19
Renault Grand Scenic,18
Mercedes CLS 350,18
Kia Picanto,18
KamAz 53212,18
Kia Cadenza,18
Iran Khodro Soren,18
Chevrolet Orlando,18
Daewoo Racer,18
Chery A-15 Cowin/Amulet,18
BMW 323,18
BMW M5,18
Porsche Cayenne Turbo,17
Peugeot 407,17
SEAT Leon,17
Mercedes Sprinter 311,17
Lexus LX 450,17
Hummer H3,17
Hyundai i40,17
Kia Soul,17
Lexus ES 350,17
Chery Fulwin 2,17
GAZ 32212,17
Audi A8,17
Audi A7,17
Nissan Murano,16
Opel Signum,16
Mercedes S 63 AMG,16
Hyundai Matrix,16
Chevrolet Epica,16
Audi A5,16
Changan CS 35,16
Chevrolet Camaro,16
Volkswagen Transporter,15
Skoda Fabia,15
Ssang Yong Rexton,15
Mercedes Atego 815,15
Mercedes GL 350,15
Mercedes ML 270,15
Honda Civic,15
Honda Pilot,15
Hyundai Veracruz,15
Lexus RX 330,15
Lexus GX 470,15
BMW 728,15
Renault Kangoo,14
Renault Clio,14
Opel Sintra,14
Subaru Impreza,14
Mercedes C 320,14
Mazda CX-7,14
Mercedes V 250,14
Mercedes Axor 1840,14
Moskvich 412,14
Great Wall Voleex C30,14
Great Wall Hover M2,14
KamAz 5410,14
Lifan 320,14
Ford Tourneo Custom,14
GAZ 3102,14
BMW X6 M,14
Peugeot 406,13
Volkswagen Amarok,13
Renault 19,13
Opel Frontera,13
Mini Cooper,13
MG 350,13
Mercedes Sprinter 515,13
Mercedes S 400,13
Lexus IS 250,13
Lifan 620,13
KamAz 5320,13
Hyundai Coupe,13
Hyundai Genesis,13
BMW 730,13
Saipa Tiba,12
SEAT Ibiza,12
Peugeot 307,12
Kia Koup,12
Iveco Otoyol,12
LADA (VAZ) Vesta,12
Hyundai H 100,12
Audi Allroad,12
Daewoo Matiz,12
Toyota Surf,11
UAZ 469,11
Ravon R4,11
Volkswagen Vento,11
Skoda Octavia,11
Nissan Terrano,11
Mercedes S 300,11
Mercedes 410 D,11
Mercedes A 180,11
Kia Clarus,11
Lexus ES 250,11
Jeep Compass,11
Changan Alsvin V7,11
BMW 330,11
Changan Star,11
Ford Edge,11
GAZ 330232-744,11
Changan Benni,11
Opel Insignia,10
Toyota Yaris,10
Volkswagen Multivan,10
Mercedes B 200,10
Mercedes Sprinter 208,10
Great Wall Hover H3,10
Infiniti FX37,10
Infiniti G35,10
Lifan 520,10
Jaguar XF,10
Hyundai i20,10
Lifan 720,10
Jeep Cherokee,10
DAF 95XF,10
GAZ 2705-757,10
Foton Forland,10
Ford Escape,10
Fiat Fiorino,10
Audi Q5,10
ZAZ Tavriya,9
Nissan Primera,9
Toyota FJ Cruiser,9
Volkswagen Beetle,9
Ssang Yong Korando,9
ZAZ 968M,9
Porsche Panamera Turbo,9
Mercedes GLK 350,9
Mercedes CLA 250,9
Moskvich 2140,9
Mercedes 609 D,9
Mercedes GLS 400,9
Hyundai ix55,9
GAZ 33023-744,9
Dodge Caliber,9
Ford Cargo,9
Dodge Charger,9
Ford Kuga,9
Porsche Panamera 4,8
UAZ 3303,8
Renault Symbol,8
ZIL 5301,8
UAZ Patriot,8
Toyota Avensis,8
Renault Megane Scenic,8
Porsche Panamera 4S,8
ZAZ Slavuta,8
Subaru Tribeca,8
Subaru XV,8
Suzuki Grand Vitara,8
Mitsubishi Galant,8
Mercedes Atego 817,8
Mercedes Sprinter 513,8
Mercedes E 500,8
Mercedes ML 63 AMG,8
Moskvich 2141,8
MAZ 5549,8
Mercedes Vito 113,8
Mitsubishi Outlander Sport,8
MG 3,8
Muravey Muravey- 2 01,8
Maserati Quattroporte,8
Mercedes 814 D,8
Hyundai HD-72,8
Hummer H2,8
Khazar D5,8
GAZ 52,8
Daewoo Nubira,8
Bentley Flying Spur,8
Ford Galaxy,8
Changan Honor,8
Renault Dokker,7
UAZ Xanter,7
Volvo S 80,7
Porsche Cayenne Turbo S,7
Toyota Highlander,7
Lifan X60,7
Mercedes X 250D,7
Mini Countryman,7
Mercedes S 600,7
Mercedes S 430,7
Mercedes CLS 63 AMG,7
Mercedes S 550,7
Hyundai Equus,7
Honda City,7
Great Wall Hover H5,7
Hyundai i10,7
Kia Pregio,7
Geely Emgrand X7,7
Infiniti QX80,7
Infiniti QX4,7
Infiniti QX56,7
LADA (VAZ) 2111,7
Chrysler 300C,7
DongFeng Fengshen S30,7
Alfa Romeo Giulietta,7
Daewoo Prince,7
BMW 650,7
ZIL 131,6
Peugeot Partner,6
UAZ 452,6
Opel Meriva,6
Peugeot 206,6
UAZ 31514,6
Mitsubishi Canter,6
Mercedes Sprinter 412,6
Mercedes Axor 1843,6
Mercedes Atego 1828,6
Mercedes Atego 1229,6
Mercedes-Maybach S 560,6
Mitsubishi Grandis,6
Mercedes G 320,6
Mercedes E 180,6
Mercedes A 190,6
Mitsubishi Rosa,6
Moskvich 2715,6
Mercedes Actros 1844,6
Geely MK,6
Hyundai County,6
Great Wall Wingle,6
Jaguar XJ,6
IJ 2126 Oda,6
Geely CK,6
LADA (VAZ) XRAY,6
Great Wall Hover M4,6
Hyundai HD-65,6
Isuzu NPR 66 L,6
Chevrolet Cobalt,6
GAZ 69,6
GAZ M-20 Pobeda,6
GAZ 24-02,6
Chery Arrizo 5,6
Daewoo Super Salon,6
Changan CX 20,6
Changan Alsvin,6
Volvo 850,5
Volkswagen Golf Plus,5
Skoda Yeti,5
Nissan Rogue,5
Renault Duster,5
PAZ 32054,5
SEAT Toledo,5
Nissan Armada,5
Toyota Sequoia,5
Volkswagen Crafter,5
UAZ 31512,5
Mercedes Atego 814,5
Mercedes CLK 200,5
Mercedes R 350,5
Mercedes GL 63 AMG,5
Mercedes S 420,5
Mazda Tribute,5
Mercedes CLS 500,5
Mitsubishi Attrage,5
MAZ 642208,5
Mercedes 0303,5
Mercedes CLK 320,5
Mercedes Sprinter 312,5
Mercedes S 280,5
Mercedes GLE 43 AMG Coupe ,5
Mercedes Atego 818,5
Mercedes Vario,5
MAZ 54323,5
Mitsubishi ASX,5
Mercedes E 400,5
KamAz 6520,5
IJ Planeta 5,5
Hyundai Excel,5
Hyundai Galloper,5
Jeep Patriot,5
Kia Shuma,5
Kia Bongo,5
Hyundai Genesis Coupe,5
Kia Magentis,5
LADA (VAZ) 2113,5
Lexus CT 200 H,5
BMW 760,5
Fiat 500,5
Fiat Linea,5
GAC GS 5,5
GAZ 66,5
Citroen C5,5
Audi Q3,5
Chevrolet Trax,5
Fiat Albea,5
Volkswagen LT,4
Porsche Panamera Turbo S,4
Volkswagen Phaeton,4
Porsche Panamera,4
Volvo XC 60,4
Rolls-Royce Ghost,4
Nissan Versa,4
Toyota C-HR,4
Peugeot 607,4
Peugeot 3008,4
Subaru Outback,4
Rover 75,4
Shacman F2000,4
Opel Mokka,4
Subaru B9 Tribeca,4
Mercedes Vito 112,4
Mercedes Sprinter 413,4
Mercedes CLK 230,4
Mercedes 200,4
Mercedes Vito 109,4
Maserati Ghibli,4
Mitsubishi Chariot,4
Maserati GranTurismo,4
Mercedes Atego 1823,4
Mercedes GLC 250 Coupe,4
Mercedes Vaneo,4
Mercedes GLK 220,4
Mercedes Vito 110,4
Mercedes ML 500,4
MG 6,4
Mercedes S 450,4
Mitsubishi Montero,4
Mercedes Atego 1223,4
Mercedes S 65 AMG,4
Kia Mohave,4
Kia Avella,4
GMC Terrain,4
Isuzu Turkuaz,4
Infiniti EX35,4
GAZ Next A21R22-30,4
Infiniti G25,4
Great Wall Voleex C50,4
Lexus LS 600 H,4
IJ 27175,4
Land Rover Defender,4
Hyundai HD-45,4
Baic D 20,4
Audi 100,4
Chevrolet Cavalier,4
Fiat 500L,4
BMW 545,4
BMW X3,4
Changan CS 15,4
BMC Pro 832,4
GAC GS 4,4
Fiat Punto,4
Ford Escort,4
Changan Alsvin V3,4
Chevrolet Spark,4
Opel Vivaro,3
Nissan Bluebird,3
Porsche Macan S,3
Renault Fluence,3
Porsche Macan GTS,3
Opel Antara,3
Peugeot Expert,3
Toyota Vitz,3
Zontes Tiger ZT150-3A,3
Shineray XY 250,3
Peugeot 405,3
Nissan Presage,3
Zontes Panther ZT150-8A,3
Suzuki SX4,3
Suzuki Kingquad 500,3
UAZ 33036,3
Volvo 240,3
Renault Sandero,3
Volvo S 90,3
ZIL MMZ 45023,3
Volkswagen Bora,3
Volkswagen Caravelle,3
MAN TGA 18.480,3
Mercedes GLC 250,3
Mercedes GL 320,3
Mercedes Sprinter 213,3
Mercedes C 270,3
Mercedes GLE 350,3
Mercedes SLS AMG,3
Mercedes E 430,3
Mercedes B 250,3
MAZ 54322,3
MAN TGA 18.430,3
Mercedes Atego 816,3
Mercedes CLA 200,3
Mercedes A 200,3
Mercedes G 350,3
Mercedes G 65 AMG,3
MAZ 5337,3
Mercedes SLK 230,3
Mercedes Actros 1848,3
Lexus NX 200,3
Haval H9,3
Isuzu Ecobus,3
GAZ Next A22R22-30,3
Honda Insight,3
Infiniti QX70,3
LADA (VAZ) 21045,3
Isuzu NHR 55 E,3
Geely Emgrand 7 (RV),3
Lifan 330,3
Geely Emgrand EC7,3
HOWO 371,3
GAZ Next A21R32-30,3
Kia Sephia,3
Lexus RX 200t,3
Iveco Trakker,3
GAZ Next A32R32-40,3
Infiniti M37S,3
Lifan 820,3
Lexus LS 430,3
Isuzu NKR 55 L,3
KamAz 43101,3
Kia Opirus,3
Lexus GS200T ,3
Jaguar S-Type,3
Ford Ranger,3
Dayun DY150-12,3
Chevrolet Colorado,3
Cadillac SRX,3
Dacia Sandero,3
BMW 428,3
Ford Sierra,3
Fiat Ducato,3
BMW 335,3
BMW 518,3
Dodge Nitro,3
Audi 80,3
Ford Maverick,3
Fiat Qubo,3
Ford Scorpio,3
Ford C-Max,3
BMW Alpina B5,3
Ford Ecosport,3
GAZ 2757,3
Changan CM8,3
DAF 85CF,3
Chrysler Sebring,3
Dodge Dart,3
Audi S5,3
DongFeng Fengshen H30,3
Changan CS 75,3
FAW Oley,3
Peugeot 208,2
Volkswagen Touran,2
Toyota Crown,2
Suzuki Vitara,2
Volvo 440,2
Renault Trafic,2
Yamaha YBR 125,2
Suzuki Swift,2
Peugeot Boxer,2
Suzuki GSR 600,2
Muravey TG200,2
"Ural 8.123 ""Solo Classic""",2
Volvo S 60,2
Muravey TGA200-01,2
Peugeot Pars,2
Saipa Rich,2
UAZ 39625,2
Toyota Prius V,2
Toyota Previa,2
Rolls-Royce Phantom,2
Muravey Muravey- 2 03,2
Toyota Harrier,2
SEAT Exeo,2
Peugeot 308,2
Smart Fortwo,2
Renault Koleos,2
Suzuki Kizashi,2
Ssang Yong Actyon Sports,2
Peugeot 207,2
Suzuki Intruder,2
PAZ 3204,2
Ravon R2,2
Yamaha SZ-RR,2
Toyota Venza,2
ZAZ 965,2
Nissan Xterra,2
Porsche Macan,2
Toyota HiAce,2
ZAZ Vida,2
Rolls-Royce Wraith,2
Volkswagen Sharan,2
Opel Record,2
Saab 9-5,2
Zontes Monster 125,2
Nissan Kicks,2
Ural 4320,2
Nissan Almera,2
Smart Forfour,2
Mercedes Actros 1840,2
Mercedes Vito 120,2
Mercedes CLA 45 AMG,2
Moskvich 407,2
Mazda 626,2
Mercedes Atego 1218,2
Mercedes E 63 AMG,2
Mercedes 200 CE,2
Mercedes 0403,2
Mercedes 220 CE,2
MG 5,2
Mercedes S 63 AMG Coupe,2
MAN TGA 18.440,2
Mercedes 280 SEL,2
Mercedes ML 400,2
Mercedes 308 D,2
Mitsubishi Pajero Pinin,2
Mercedes 711 D,2
Mercedes Actros 1846,2
Mercedes Atego 1323,2
Mercedes Vito 114,2
Mercedes A 140,2
Mercedes GLS 63 AMG,2
Mercedes Atego 1528,2
Mercedes 412 D,2
Mercedes Sprinter 318,2
Mercedes ML 300,2
Maserati Levante S,2
Mercedes A 250,2
Mercedes GLA 200,2
Mitsubishi Eclispe Cross,2
Mercedes GLA 250,2
Mercedes ML 430,2
Mercedes 312 D,2
Mitsubishi Pajero Mini,2
Mercedes 403,2
Mazda RX 8,2
MAN 19463,2
Mercedes G 300,2
MAN TGA 440,2
Mercedes GLE 400 Coupe,2
Mercedes SL 320,2
LADA (VAZ) Largus,2
JAC HFC1020,2
Lexus IS 300,2
Geely TX4,2
Jaguar X-Type,2
Land Rover Discovery Sport,2
Honda Logo,2
Kia Spectra,2
Infiniti Q70,2
Isuzu NKR 55 E,2
Haojue HJ100T-7C,2
KamAz 54115,2
Haval H6,2
GMC Acadia,2
Infiniti EX37,2
Land Rover Velar,2
KamAz 43118,2
Infiniti JX35,2
Kia Carnival,2
Isuzu NPR 71,2
Lexus LS 500,2
Lexus ES 300,2
Infiniti Q70S,2
Isuzu Trooper,2
IJ 2717,2
Lexus GS 250,2
Honda Fit,2
Kawasaki VN 1600 Mean Streak,2
Hyundai Solaris,2
GAZ Siber,2
Lexus RX 450 H,2
Iveco 35C13V,2
Kia Quoris,2
Iveco Daily 35C12H,2
GMC Yukon,2
Infiniti M45,2
Isuzu MD 22 B,2
Hyundai XG,2
Iveco Eurotrakker Cursor,2
Bentley Bentayga,2
Dnepr 11,2
BMW 550,2
Fiat Cinquecento,2
Audi S7,2
BMW M3,2
Chevrolet Suburban,2
FAW Besturn B 50,2
Daihatsu Terios,2
Citroen DS5,2
Dodge Challenger,2
Bentley Mulsanne,2
GAZ 51,2
GAC GA 5,2
Cadillac CTS,2
BMW X1,2
BMW 725,2
BMW 535 GT,2
Daihatsu Sirion,2
Chery Arrizo 7,2
Daewoo BS090,2
Chery Eastar V5,2
BMW 640,2
Chery Fora,2
BMW 420,2
Audi S8,2
GAZ 33027-745,2
Daewoo Tico,2
BYD F6,2
GAZ 2705-764,2
GAZ Next ���,2
GAZ 2705-777,2
Citroen C4 Grand Picasso,2
Alfa Romeo Mito,2
Changan Raeton,2
Foton BJ3045,2
Chrysler Voyager,2
Yamaha Grizzly 700,1
Volvo FH 12,1
ZIL 4334,1
Porsche Macan Turbo,1
Volvo V 90,1
Nissan Vanette,1
ZAZ Lanos,1
Opel Tigra,1
ZX Auto Grandtiger,1
Nissan Serena,1
Porsche Boxter S,1
UAZ 31519,1
Volvo XC40,1
Porsche Panamera 4S Executive,1
Yamaha YZF-R1,1
Porsche Panamera 4S Sport Turismo,1
Peugeot 306,1
Suzuki Boulevard,1
Zontes Panther 125,1
Suzuki Burgman,1
Porsche 911 Carrera 4,1
UAZ 462,1
Setra 215 HD,1
Suzuki DL 1000,1
Volvo V 40,1
Suzuki DR-Z 400,1
Volvo XC 70,1
Opel GT,1
XCMG QY25K5-I,1
Suzuki GSF 650SA,1
MV Agusta Rivale,1
Nissan Note,1
Toyota Kluger,1
Vespa Primavera 50,1
Skoda Superb,1
Suzuki GSR 750,1
Renault Master,1
Suzuki Ignis,1
Toyota Sienna,1
Opel Kadett,1
Peugeot 307 CC,1
Volkswagen Caddy,1
Renault Modus,1
Suzuki Jimny,1
Volvo 940,1
Nissan Leaf,1
Volvo S 40,1
Volkswagen Eos,1
Volvo S 70,1
Nissan March,1
Opel Mokka X,1
Volkswagen Golf GTI,1
Volvo V 60,1
Suzuki Splash,1
Shaolin SLG 6602,1
Saipa 141,1
Opel Movano,1
Peugeot 107,1
XCMG QY16B.5,1
Saipa Saina,1
Yamaha Drag Star XVS 650,1
Suzuki XL7,1
Yamaha Ray Z 115,1
Tata Indica,1
Skoda Felicia,1
Tesla Model S,1
Yufeng Kumi,1
Piaggio X10 350,1
Opel Calibra,1
Volkswagen Scirocco,1
ZAZ Sens,1
Tofas Kartal,1
Peugeot 301,1
Saturn VUE,1
Renault Magnum,1
SEAT Altea,1
ZIL 133,1
Pontiac Vibe,1
Nissan Urvan,1
Toyota Caldina,1
Toyota Solara,1
Renault Captur,1
Toyota Sprinter,1
Toyota Carina,1
Zoomlion QY25V532,1
Porsche 718 Cayman S,1
Volvo 460,1
Volvo 760,1
Mitsubishi Carisma,1
Mercedes Vito 119,1
Mercedes CLS 55 AMG,1
Mercedes GLC 63S AMG,1
Mercedes R 300,1
Mercedes 500 SEL,1
Mercedes C 350,1
MAN TGA 33.480,1
Megelli Naked,1
Mercedes SL 63 AMG,1
MAN 26.403,1
Mercedes 408 D,1
Mazda Bongo,1
Lincoln Aviator,1
Mercedes Actros 2546,1
Mercedes 611 D,1
Mercedes C 63 AMG,1
Mercedes Sprinter 212,1
Mazda T3500,1
Mercedes GLK 300,1
Mercedes Axor 2533,1
Mercedes Sprinter 224,1
Mazda 2,1
Mercedes Sprinter 308,1
Mazda 323,1
Mercedes Sprinter 309,1
MAN TGA 18.400,1
Mercedes Atego 1517,1
MAN TGL8.150,1
Mercedes Atego 1518,1
Mitsubishi Colt,1
Mercedes Atego 1523,1
Mazda Millenia,1
Mercedes Sprinter 314,1
Mercedes Atego 1217,1
Mercedes Atego 1524,1
Mercedes 420 SEC,1
MAZ 3577,1
Mercedes S 55 AMG,1
Mercedes GLS 350,1
Mercedes Atego 1224,1
MAZ 5334,1
Maserati GranTurismo S,1
Mercedes 250 S,1
MAZ 65151,1
Mercedes Sprinter 416,1
Mercedes E 55 AMG,1
Mercedes Sprinter 509,1
Mercedes-Maybach S 500,1
Mercedes Sprinter 511,1
Mercedes ML 55 AMG,1
Mercedes ML 230,1
Mercedes Actros 1843,1
Lincoln MKT,1
MG 750,1
Mercedes Sprinter 516,1
Mercedes R 320,1
Mercedes Sprinter 524,1
Mercedes 200 D,1
Mercedes V 200,1
Mercedes GLA 220,1
MAZ 543302-2120,1
Mercedes Actros 2540,1
Mercedes V 230,1
Mitsubishi Eclipse,1
Mercedes 280 SE,1
Mercedes Actros 3235,1
Mercedes V 280,1
Mazda Premacy,1
Mercedes ML 280,1
Mitsubishi Mirage,1
MAZ 551630,1
Mitsubishi Nativa,1
Mercedes CLS 550,1
Mercedes CL 63 AMG,1
Mercedes Atego 823,1
Mercedes CLA 220,1
Mercedes Vito 108,1
Mercedes Atego 1222,1
Mercedes GL 400,1
Mercedes G 400,1
Mercedes GL 420,1
Mercedes S 560,1
MAZ 6303,1
MAN TGA 26.430,1
Mercedes 813,1
MAZ 54229,1
MAN 22.321,1
Honda Dio AF 35,1
KamAz 54112,1
Hyundai H 350,1
Iveco Daily 35C15VH,1
GMC Savana,1
Lifan Foison,1
Isuzu NPR 66 P,1
Honda Passport,1
Hyundai Marcia,1
Harley-Davidson Street Rod,1
Honda CBR 1000,1
Kia Stinger,1
Isuzu Axiom,1
KrAZ 6511C4-082,1
Isuzu NP 37,1
Infiniti FX50,1
Lexus RX200T,1
JAC HFC 1040K,1
Hyundai Chorus,1
Haval H2,1
Honda Bali,1
JAC HFC1083K,1
Hyundai Creta,1
JAC HFC3072,1
Lexus GS 430,1
JAC J5,1
Hyundai Trajet,1
JAC Sunray,1
Honda Dio AF,1
JAC T6,1
Honda HR-V,1
Jaguar F-Pace,1
Lexus RC 200t,1
Jaguar F-Type,1
Isuzu Rodeo,1
GAZ Next A64R42-10,1
Kia Pride,1
Infiniti G37,1
Iveco 35C15,1
Jaguar XFR,1
KamAz 43253,1
Infiniti G37S,1
KamAz 53202,1
LADA (VAZ) 21103,1
Infiniti QX50,1
Haval H7,1
Honda CBF 600,1
Infiniti M35,1
Infiniti QX70S,1
LADA (VAZ) 21123,1
KamAz 65117,1
Jeep Commander,1
Lexus GS 450 H,1
Haval H8,1
KAvZ 3270,1
Great Wall Safe,1
Great Wall Hover H6,1
LADA (VAZ) 2120,1
GAZ Next Titan A65R32-40,1
Jeep Liberty,1
Isuzu MD 27,1
Infiniti M56,1
Haojue HJ150-9,1
Jeep Renegade,1
Isuzu Novo Lux,1
Geely EC 7,1
Lexus NX 300H,1
Jiajue N10,1
Harley-Davidson Dyna Fat Bob,1
Jinan Dirt Bike50/110cc,1
Harley-Davidson FLSTN Softail Deluxe,1
Jinbei Haise H2,1
IJ Upiter 5,1
Jonway YY50QT-20,1
Ikarus 365,1
Lamborghini Gallardo,1
Isuzu Urban,1
Jonway YY50QT-21B,1
Kia Rio X-Line,1
Jonway YY50QT-6,1
Honda MR-V,1
Infiniti Q60,1
Iveco Ford,1
GAZ 14,1
Ducati 848 EVO,1
Chevrolet Lanos,1
FAW  CA102105,1
Freightliner  Century,1
FAW 35.340 FD,1
Acura ZDX,1
BMW i8,1
Dodge Journey,1
Chevrolet Tahoe,1
Brilliance H 530,1
Ferrari 458 Spider,1
Buick Enclave,1
Audi A3,1
Cadillac ATS,1
Chrysler 200,1
Chevrolet Express,1
BMW 228,1
Audi RS7,1
Chrysler Acclaim,1
DongFeng Fengshen A30,1
Fiat Coupe,1
Daewoo Lacetti,1
Chrysler Concorde,1
Brilliance M1,1
Chrysler Crossfire,1
Gabro ZERO250-RZ,1
Chrysler Grand Voyager,1
GAC GS 8,1
Chrysler PT Cruiser,1
Alfa Romeo 164,1
Fiat Marea,1
Baic X 25,1
Fiat Panda,1
Dayun DY 125-8B,1
BMW M6,1
Dayun DY150GY,1
ABM Clipper,1
Chevrolet Lumina,1
Fiat Sedici,1
GAZ 3309-352,1
Fiat Siena,1
Dodge Spirit,1
Fiat Tipo,1
Chevrolet Rezzo,1
Ford Capri,1
Ford Taurus,1
Citroen Berlingo,1
Brilliance H 230,1
Citroen C3,1
Daewoo Magnus,1
Ford Contour,1
Foton Ollin,1
Ford Courier,1
Gabro 125 RS-2,1
Citroen C3 Picasso,1
Chevrolet Avalanche,1
BMW S 1000 R,1
Chevrolet Blazer,1
Alfa Romeo 146,1
GAZ 12,1
Citroen C6,1
Baic BJ 40,1
Ford Expedition,1
BYD S6,1
Citroen C8,1
Baic M 20,1
Citroen C-Elysee,1
Daihatsu Cuore,1
Citroen DS4,1
Chevrolet Equinox,1
Audi Q2,1
Dayun DY125T-6,1
Dacia Lodgy,1
GAZ 3111,1
Ford Granada,1
Audi Q8,1
Audi TT,1
Dodge Caravan,1
Chery A1-13/Kimo,1
Audi R8,1
Ford Mercury,1
Chevrolet Nubira,1
Ford Model A,1
GAZ 37170,1
Dadi Shuttle,1
BMW 524,1
Audi TTS,1
DongFeng EQ1020TF,1
Ford Probe,1
GAZ Gazon C41R33,1
BMW 324,1
BMC Pro 827,1
Aston Martin Rapide,1
e,1
BMW Z4,1
(blank),
Grand Total,37293
